,bssid,channel,host,iteration,reference_point,rssi,ssid,time,topic,xr,yr
,70:A7:41:DC:77:CD,1,LAUREN,1,RP113,-61,DTE Staff,2025-02-25T03:34:57.1790628Z,esp/topic,1290,469
,70:A7:41:DC:77:CD,1,LAUREN,1,RP113,-64,DTE Staff,2025-02-25T03:44:05.808717Z,esp/topic,1290,469
,70:A7:41:DC:77:CD,1,LAUREN,10,RP113,-63,DTE Staff,2025-02-25T03:38:31.756777Z,esp/topic,1290,469
,70:A7:41:DC:77:CD,1,LAUREN,11,RP113,-60,DTE Staff,2025-02-25T03:38:56.4991952Z,esp/topic,1290,469
,70:A7:41:DC:77:CD,1,LAUREN,12,RP113,-62,DTE Staff,2025-02-25T03:39:15.7619797Z,esp/topic,1290,469
,70:A7:41:DC:77:CD,1,LAUREN,13,RP113,-63,DTE Staff,2025-02-25T03:39:43.8087004Z,esp/topic,1290,469
,70:A7:41:DC:77:CD,1,LAUREN,14,RP113,-61,DTE Staff,2025-02-25T03:40:05.519983Z,esp/topic,1290,469
,70:A7:41:DC:77:CD,1,LAUREN,15,RP113,-68,DTE Staff,2025-02-25T03:40:30.5362227Z,esp/topic,1290,469
,70:A7:41:DC:77:CD,1,LAUREN,16,RP113,-73,DTE Staff,2025-02-25T03:40:55.3881275Z,esp/topic,1290,469
,70:A7:41:DC:77:CD,1,LAUREN,17,RP113,-65,DTE Staff,2025-02-25T03:41:20.995725Z,esp/topic,1290,469
,70:A7:41:DC:77:CD,1,LAUREN,18,RP113,-72,DTE Staff,2025-02-25T03:41:42.4200684Z,esp/topic,1290,469
,70:A7:41:DC:77:CD,1,LAUREN,19,RP113,-72,DTE Staff,2025-02-25T03:42:04.9491779Z,esp/topic,1290,469
,70:A7:41:DC:77:CD,1,LAUREN,2,RP113,-66,DTE Staff,2025-02-25T03:35:22.9444679Z,esp/topic,1290,469
,70:A7:41:DC:77:CD,1,LAUREN,2,RP113,-63,DTE Staff,2025-02-25T03:44:30.4247777Z,esp/topic,1290,469
,70:A7:41:DC:77:CD,1,LAUREN,20,RP113,-64,DTE Staff,2025-02-25T03:42:31.143923Z,esp/topic,1290,469
,70:A7:41:DC:77:CD,1,LAUREN,3,RP113,-64,DTE Staff,2025-02-25T03:35:41.3814369Z,esp/topic,1290,469
,70:A7:41:DC:77:CD,1,LAUREN,3,RP113,-62,DTE Staff,2025-02-25T03:44:55.9680395Z,esp/topic,1290,469
,70:A7:41:DC:77:CD,1,LAUREN,4,RP113,-63,DTE Staff,2025-02-25T03:36:04.1522843Z,esp/topic,1290,469
,70:A7:41:DC:77:CD,1,LAUREN,4,RP113,-63,DTE Staff,2025-02-25T03:45:23.6253081Z,esp/topic,1290,469
,70:A7:41:DC:77:CD,1,LAUREN,5,RP113,-63,DTE Staff,2025-02-25T03:36:27.2752959Z,esp/topic,1290,469
,70:A7:41:DC:77:CD,1,LAUREN,5,RP113,-63,DTE Staff,2025-02-25T03:45:44.1726811Z,esp/topic,1290,469
,70:A7:41:DC:77:CD,1,LAUREN,6,RP113,-62,DTE Staff,2025-02-25T03:36:52.4082714Z,esp/topic,1290,469
,70:A7:41:DC:77:CD,1,LAUREN,6,RP113,-65,DTE Staff,2025-02-25T03:45:58.9512766Z,esp/topic,1290,469
,70:A7:41:DC:77:CD,1,LAUREN,7,RP113,-61,DTE Staff,2025-02-25T03:37:16.9905056Z,esp/topic,1290,469
,70:A7:41:DC:77:CD,1,LAUREN,7,RP113,-67,DTE Staff,2025-02-25T03:46:19.9404446Z,esp/topic,1290,469
,70:A7:41:DC:77:CD,1,LAUREN,8,RP113,-59,DTE Staff,2025-02-25T03:37:44.015325Z,esp/topic,1290,469
,70:A7:41:DC:77:CD,1,LAUREN,8,RP113,-56,DTE Staff,2025-02-25T03:46:38.6350656Z,esp/topic,1290,469
,70:A7:41:DC:77:CD,1,LAUREN,9,RP113,-62,DTE Staff,2025-02-25T03:38:12.9065879Z,esp/topic,1290,469
,72:A7:41:9C:77:CD,1,LAUREN,1,RP113,-61,DTE Student,2025-02-25T03:34:53.6991646Z,esp/topic,1290,469
,72:A7:41:9C:77:CD,1,LAUREN,1,RP113,-63,DTE Student,2025-02-25T03:44:02.7743423Z,esp/topic,1290,469
,72:A7:41:9C:77:CD,1,LAUREN,10,RP113,-63,DTE Student,2025-02-25T03:38:34.8052261Z,esp/topic,1290,469
,72:A7:41:9C:77:CD,1,LAUREN,11,RP113,-60,DTE Student,2025-02-25T03:38:59.5067501Z,esp/topic,1290,469
,72:A7:41:9C:77:CD,1,LAUREN,12,RP113,-62,DTE Student,2025-02-25T03:39:18.7469523Z,esp/topic,1290,469
,72:A7:41:9C:77:CD,1,LAUREN,13,RP113,-63,DTE Student,2025-02-25T03:39:40.9743796Z,esp/topic,1290,469
,72:A7:41:9C:77:CD,1,LAUREN,14,RP113,-63,DTE Student,2025-02-25T03:40:08.517393Z,esp/topic,1290,469
,72:A7:41:9C:77:CD,1,LAUREN,15,RP113,-68,DTE Student,2025-02-25T03:40:27.5456347Z,esp/topic,1290,469
,72:A7:41:9C:77:CD,1,LAUREN,16,RP113,-73,DTE Student,2025-02-25T03:40:52.2314456Z,esp/topic,1290,469
,72:A7:41:9C:77:CD,1,LAUREN,17,RP113,-65,DTE Student,2025-02-25T03:41:18.022467Z,esp/topic,1290,469
,72:A7:41:9C:77:CD,1,LAUREN,18,RP113,-72,DTE Student,2025-02-25T03:41:39.4024217Z,esp/topic,1290,469
,72:A7:41:9C:77:CD,1,LAUREN,19,RP113,-73,DTE Student,2025-02-25T03:42:07.8975031Z,esp/topic,1290,469
,72:A7:41:9C:77:CD,1,LAUREN,2,RP113,-66,DTE Student,2025-02-25T03:35:19.5139921Z,esp/topic,1290,469
,72:A7:41:9C:77:CD,1,LAUREN,2,RP113,-64,DTE Student,2025-02-25T03:44:33.5052716Z,esp/topic,1290,469
,72:A7:41:9C:77:CD,1,LAUREN,20,RP113,-64,DTE Student,2025-02-25T03:42:28.3917133Z,esp/topic,1290,469
,72:A7:41:9C:77:CD,1,LAUREN,3,RP113,-64,DTE Student,2025-02-25T03:35:44.7531274Z,esp/topic,1290,469
,72:A7:41:9C:77:CD,1,LAUREN,3,RP113,-63,DTE Student,2025-02-25T03:44:59.1438078Z,esp/topic,1290,469
,72:A7:41:9C:77:CD,1,LAUREN,4,RP113,-63,DTE Student,2025-02-25T03:36:01.1835918Z,esp/topic,1290,469
,72:A7:41:9C:77:CD,1,LAUREN,4,RP113,-63,DTE Student,2025-02-25T03:45:19.9645032Z,esp/topic,1290,469
,72:A7:41:9C:77:CD,1,LAUREN,5,RP113,-63,DTE Student,2025-02-25T03:36:30.2582926Z,esp/topic,1290,469
,72:A7:41:9C:77:CD,1,LAUREN,5,RP113,-63,DTE Student,2025-02-25T03:45:39.585151Z,esp/topic,1290,469
,72:A7:41:9C:77:CD,1,LAUREN,6,RP113,-62,DTE Student,2025-02-25T03:36:55.3814644Z,esp/topic,1290,469
,72:A7:41:9C:77:CD,1,LAUREN,6,RP113,-65,DTE Student,2025-02-25T03:46:01.9634439Z,esp/topic,1290,469
,72:A7:41:9C:77:CD,1,LAUREN,7,RP113,-62,DTE Student,2025-02-25T03:37:19.8389627Z,esp/topic,1290,469
,72:A7:41:9C:77:CD,1,LAUREN,7,RP113,-68,DTE Student,2025-02-25T03:46:22.9562319Z,esp/topic,1290,469
,72:A7:41:9C:77:CD,1,LAUREN,8,RP113,-62,DTE Student,2025-02-25T03:37:46.8969088Z,esp/topic,1290,469
,72:A7:41:9C:77:CD,1,LAUREN,8,RP113,-57,DTE Student,2025-02-25T03:46:42.5365223Z,esp/topic,1290,469
,72:A7:41:9C:77:CD,1,LAUREN,9,RP113,-62,DTE Student,2025-02-25T03:38:09.9082894Z,esp/topic,1290,469
,70:A7:41:DC:77:CD,1,LAUREN,1,RP114,-66,DTE Staff,2025-02-25T03:47:11.803756Z,esp/topic,1290,639
,70:A7:41:DC:77:CD,1,LAUREN,10,RP114,-64,DTE Staff,2025-02-25T03:50:57.4906082Z,esp/topic,1290,639
,70:A7:41:DC:77:CD,1,LAUREN,11,RP114,-61,DTE Staff,2025-02-25T03:51:23.4591722Z,esp/topic,1290,639
,70:A7:41:DC:77:CD,1,LAUREN,12,RP114,-70,DTE Staff,2025-02-25T03:51:51.8631282Z,esp/topic,1290,639
,70:A7:41:DC:77:CD,1,LAUREN,13,RP114,-65,DTE Staff,2025-02-25T03:52:17.6753908Z,esp/topic,1290,639
,70:A7:41:DC:77:CD,1,LAUREN,14,RP114,-66,DTE Staff,2025-02-25T03:52:37.3529879Z,esp/topic,1290,639
,70:A7:41:DC:77:CD,1,LAUREN,15,RP114,-61,DTE Staff,2025-02-25T03:53:08.3694645Z,esp/topic,1290,639
,70:A7:41:DC:77:CD,1,LAUREN,16,RP114,-63,DTE Staff,2025-02-25T03:53:31.2424341Z,esp/topic,1290,639
,70:A7:41:DC:77:CD,1,LAUREN,17,RP114,-64,DTE Staff,2025-02-25T03:53:57.355616Z,esp/topic,1290,639
,70:A7:41:DC:77:CD,1,LAUREN,18,RP114,-65,DTE Staff,2025-02-25T03:54:23.9250369Z,esp/topic,1290,639
,70:A7:41:DC:77:CD,1,LAUREN,19,RP114,-66,DTE Staff,2025-02-25T03:54:50.9781347Z,esp/topic,1290,639
,70:A7:41:DC:77:CD,1,LAUREN,2,RP114,-63,DTE Staff,2025-02-25T03:47:37.5346553Z,esp/topic,1290,639
,70:A7:41:DC:77:CD,1,LAUREN,20,RP114,-68,DTE Staff,2025-02-25T03:55:17.0840671Z,esp/topic,1290,639
,70:A7:41:DC:77:CD,1,LAUREN,3,RP114,-64,DTE Staff,2025-02-25T03:48:03.4127304Z,esp/topic,1290,639
,70:A7:41:DC:77:CD,1,LAUREN,4,RP114,-70,DTE Staff,2025-02-25T03:48:29.1136062Z,esp/topic,1290,639
,70:A7:41:DC:77:CD,1,LAUREN,5,RP114,-64,DTE Staff,2025-02-25T03:48:53.1815654Z,esp/topic,1290,639
,70:A7:41:DC:77:CD,1,LAUREN,6,RP114,-65,DTE Staff,2025-02-25T03:49:20.9541504Z,esp/topic,1290,639
,70:A7:41:DC:77:CD,1,LAUREN,7,RP114,-67,DTE Staff,2025-02-25T03:49:43.037975Z,esp/topic,1290,639
,70:A7:41:DC:77:CD,1,LAUREN,8,RP114,-67,DTE Staff,2025-02-25T03:50:08.9899991Z,esp/topic,1290,639
,70:A7:41:DC:77:CD,1,LAUREN,9,RP114,-67,DTE Staff,2025-02-25T03:50:31.2798489Z,esp/topic,1290,639
,72:A7:41:9C:77:CD,1,LAUREN,1,RP114,-65,DTE Student,2025-02-25T03:47:08.6304626Z,esp/topic,1290,639
,72:A7:41:9C:77:CD,1,LAUREN,10,RP114,-64,DTE Student,2025-02-25T03:51:00.5626297Z,esp/topic,1290,639
,72:A7:41:9C:77:CD,1,LAUREN,11,RP114,-61,DTE Student,2025-02-25T03:51:26.5730272Z,esp/topic,1290,639
,72:A7:41:9C:77:CD,1,LAUREN,12,RP114,-70,DTE Student,2025-02-25T03:51:48.8248625Z,esp/topic,1290,639
,72:A7:41:9C:77:CD,1,LAUREN,13,RP114,-64,DTE Student,2025-02-25T03:52:14.705241Z,esp/topic,1290,639
,72:A7:41:9C:77:CD,1,LAUREN,14,RP114,-67,DTE Student,2025-02-25T03:52:42.3944545Z,esp/topic,1290,639
,72:A7:41:9C:77:CD,1,LAUREN,15,RP114,-60,DTE Student,2025-02-25T03:53:05.5966498Z,esp/topic,1290,639
,72:A7:41:9C:77:CD,1,LAUREN,16,RP114,-64,DTE Student,2025-02-25T03:53:34.8870089Z,esp/topic,1290,639
,72:A7:41:9C:77:CD,1,LAUREN,17,RP114,-64,DTE Student,2025-02-25T03:54:00.3844139Z,esp/topic,1290,639
,72:A7:41:9C:77:CD,1,LAUREN,18,RP114,-65,DTE Student,2025-02-25T03:54:26.9517543Z,esp/topic,1290,639
,72:A7:41:9C:77:CD,1,LAUREN,19,RP114,-67,DTE Student,2025-02-25T03:54:55.5702236Z,esp/topic,1290,639
,72:A7:41:9C:77:CD,1,LAUREN,2,RP114,-63,DTE Student,2025-02-25T03:47:34.2376936Z,esp/topic,1290,639
,72:A7:41:9C:77:CD,1,LAUREN,20,RP114,-68,DTE Student,2025-02-25T03:55:20.2509939Z,esp/topic,1290,639
,72:A7:41:9C:77:CD,1,LAUREN,3,RP114,-64,DTE Student,2025-02-25T03:47:59.7302348Z,esp/topic,1290,639
,72:A7:41:9C:77:CD,1,LAUREN,4,RP114,-64,DTE Student,2025-02-25T03:48:26.3559102Z,esp/topic,1290,639
,72:A7:41:9C:77:CD,1,LAUREN,5,RP114,-65,DTE Student,2025-02-25T03:48:55.7375055Z,esp/topic,1290,639
,72:A7:41:9C:77:CD,1,LAUREN,6,RP114,-64,DTE Student,2025-02-25T03:49:17.9934673Z,esp/topic,1290,639
,72:A7:41:9C:77:CD,1,LAUREN,7,RP114,-67,DTE Student,2025-02-25T03:49:43.3848035Z,esp/topic,1290,639
,72:A7:41:9C:77:CD,1,LAUREN,8,RP114,-67,DTE Student,2025-02-25T03:50:05.9215732Z,esp/topic,1290,639
,72:A7:41:9C:77:CD,1,LAUREN,9,RP114,-68,DTE Student,2025-02-25T03:50:33.9551069Z,esp/topic,1290,639
,70:A7:41:DC:77:CD,1,LAUREN,1,RP115,-58,DTE Staff,2025-02-25T03:57:01.5419404Z,esp/topic,1290,838
,70:A7:41:DC:77:CD,1,LAUREN,10,RP115,-57,DTE Staff,2025-02-25T04:00:45.6954518Z,esp/topic,1290,838
,70:A7:41:DC:77:CD,1,LAUREN,11,RP115,-58,DTE Staff,2025-02-25T04:01:14.1236564Z,esp/topic,1290,838
,70:A7:41:DC:77:CD,1,LAUREN,12,RP115,-57,DTE Staff,2025-02-25T04:01:38.7209264Z,esp/topic,1290,838
,70:A7:41:DC:77:CD,1,LAUREN,13,RP115,-58,DTE Staff,2025-02-25T04:02:03.6119877Z,esp/topic,1290,838
,70:A7:41:DC:77:CD,1,LAUREN,14,RP115,-57,DTE Staff,2025-02-25T04:02:29.335867Z,esp/topic,1290,838
,70:A7:41:DC:77:CD,1,LAUREN,15,RP115,-58,DTE Staff,2025-02-25T04:02:53.2717162Z,esp/topic,1290,838
,70:A7:41:DC:77:CD,1,LAUREN,16,RP115,-57,DTE Staff,2025-02-25T04:03:25.8366388Z,esp/topic,1290,838
,70:A7:41:DC:77:CD,1,LAUREN,17,RP115,-58,DTE Staff,2025-02-25T04:03:58.0819133Z,esp/topic,1290,838
,70:A7:41:DC:77:CD,1,LAUREN,18,RP115,-57,DTE Staff,2025-02-25T04:04:26.9465616Z,esp/topic,1290,838
,70:A7:41:DC:77:CD,1,LAUREN,19,RP115,-56,DTE Staff,2025-02-25T04:04:49.7021225Z,esp/topic,1290,838
,70:A7:41:DC:77:CD,1,LAUREN,2,RP115,-59,DTE Staff,2025-02-25T03:57:30.7412255Z,esp/topic,1290,838
,70:A7:41:DC:77:CD,1,LAUREN,20,RP115,-56,DTE Staff,2025-02-25T04:05:17.1480565Z,esp/topic,1290,838
,70:A7:41:DC:77:CD,1,LAUREN,3,RP115,-57,DTE Staff,2025-02-25T03:57:56.2080658Z,esp/topic,1290,838
,70:A7:41:DC:77:CD,1,LAUREN,4,RP115,-56,DTE Staff,2025-02-25T03:58:22.4242242Z,esp/topic,1290,838
,70:A7:41:DC:77:CD,1,LAUREN,5,RP115,-56,DTE Staff,2025-02-25T03:58:48.0489563Z,esp/topic,1290,838
,70:A7:41:DC:77:CD,1,LAUREN,6,RP115,-57,DTE Staff,2025-02-25T03:59:10.5647768Z,esp/topic,1290,838
,70:A7:41:DC:77:CD,1,LAUREN,7,RP115,-56,DTE Staff,2025-02-25T03:59:29.3631383Z,esp/topic,1290,838
,70:A7:41:DC:77:CD,1,LAUREN,8,RP115,-58,DTE Staff,2025-02-25T04:00:01.4856305Z,esp/topic,1290,838
,70:A7:41:DC:77:CD,1,LAUREN,9,RP115,-58,DTE Staff,2025-02-25T04:00:25.8799354Z,esp/topic,1290,838
,72:A7:41:9C:77:CD,1,LAUREN,1,RP115,-58,DTE Student,2025-02-25T03:56:58.564488Z,esp/topic,1290,838
,72:A7:41:9C:77:CD,1,LAUREN,10,RP115,-58,DTE Student,2025-02-25T04:00:48.8595325Z,esp/topic,1290,838
,72:A7:41:9C:77:CD,1,LAUREN,11,RP115,-57,DTE Student,2025-02-25T04:01:10.9777539Z,esp/topic,1290,838
,72:A7:41:9C:77:CD,1,LAUREN,12,RP115,-57,DTE Student,2025-02-25T04:01:35.6651888Z,esp/topic,1290,838
,72:A7:41:9C:77:CD,1,LAUREN,13,RP115,-57,DTE Student,2025-02-25T04:02:00.5464547Z,esp/topic,1290,838
,72:A7:41:9C:77:CD,1,LAUREN,14,RP115,-56,DTE Student,2025-02-25T04:02:26.0399021Z,esp/topic,1290,838
,72:A7:41:9C:77:CD,1,LAUREN,15,RP115,-58,DTE Student,2025-02-25T04:02:56.0258657Z,esp/topic,1290,838
,72:A7:41:9C:77:CD,1,LAUREN,16,RP115,-57,DTE Student,2025-02-25T04:03:23.1995317Z,esp/topic,1290,838
,72:A7:41:9C:77:CD,1,LAUREN,17,RP115,-58,DTE Student,2025-02-25T04:03:55.0283018Z,esp/topic,1290,838
,72:A7:41:9C:77:CD,1,LAUREN,18,RP115,-57,DTE Student,2025-02-25T04:04:24.3558206Z,esp/topic,1290,838
,72:A7:41:9C:77:CD,1,LAUREN,19,RP115,-56,DTE Student,2025-02-25T04:04:46.5574893Z,esp/topic,1290,838
,72:A7:41:9C:77:CD,1,LAUREN,2,RP115,-58,DTE Student,2025-02-25T03:57:27.6394288Z,esp/topic,1290,838
,72:A7:41:9C:77:CD,1,LAUREN,20,RP115,-56,DTE Student,2025-02-25T04:05:20.2558538Z,esp/topic,1290,838
,72:A7:41:9C:77:CD,1,LAUREN,3,RP115,-56,DTE Student,2025-02-25T03:57:53.2030979Z,esp/topic,1290,838
,72:A7:41:9C:77:CD,1,LAUREN,4,RP115,-56,DTE Student,2025-02-25T03:58:19.2487Z,esp/topic,1290,838
,72:A7:41:9C:77:CD,1,LAUREN,5,RP115,-56,DTE Student,2025-02-25T03:58:45.1250338Z,esp/topic,1290,838
,72:A7:41:9C:77:CD,1,LAUREN,6,RP115,-57,DTE Student,2025-02-25T03:59:07.7631943Z,esp/topic,1290,838
,72:A7:41:9C:77:CD,1,LAUREN,7,RP115,-56,DTE Student,2025-02-25T03:59:32.3865435Z,esp/topic,1290,838
,72:A7:41:9C:77:CD,1,LAUREN,8,RP115,-57,DTE Student,2025-02-25T03:59:56.6331812Z,esp/topic,1290,838
,72:A7:41:9C:77:CD,1,LAUREN,9,RP115,-56,DTE Student,2025-02-25T04:00:22.98553Z,esp/topic,1290,838
,70:A7:41:DC:77:CD,1,LAUREN,1,RP118,-73,DTE Staff,2025-02-25T04:07:06.0161547Z,esp/topic,1520,469
,70:A7:41:DC:77:CD,1,LAUREN,10,RP118,-60,DTE Staff,2025-02-25T04:10:54.460997Z,esp/topic,1520,469
,70:A7:41:DC:77:CD,1,LAUREN,11,RP118,-65,DTE Staff,2025-02-25T04:11:17.9571105Z,esp/topic,1520,469
,70:A7:41:DC:77:CD,1,LAUREN,12,RP118,-66,DTE Staff,2025-02-25T04:11:47.7245556Z,esp/topic,1520,469
,70:A7:41:DC:77:CD,1,LAUREN,13,RP118,-65,DTE Staff,2025-02-25T04:12:12.4961312Z,esp/topic,1520,469
,70:A7:41:DC:77:CD,1,LAUREN,14,RP118,-65,DTE Staff,2025-02-25T04:12:39.7467167Z,esp/topic,1520,469
,70:A7:41:DC:77:CD,1,LAUREN,15,RP118,-65,DTE Staff,2025-02-25T04:12:56.9390802Z,esp/topic,1520,469
,70:A7:41:DC:77:CD,1,LAUREN,16,RP118,-63,DTE Staff,2025-02-25T04:13:21.7867638Z,esp/topic,1520,469
,70:A7:41:DC:77:CD,1,LAUREN,17,RP118,-63,DTE Staff,2025-02-25T04:13:47.5227323Z,esp/topic,1520,469
,70:A7:41:DC:77:CD,1,LAUREN,18,RP118,-65,DTE Staff,2025-02-25T04:14:13.5010362Z,esp/topic,1520,469
,70:A7:41:DC:77:CD,1,LAUREN,19,RP118,-67,DTE Staff,2025-02-25T04:14:40.9054049Z,esp/topic,1520,469
,70:A7:41:DC:77:CD,1,LAUREN,2,RP118,-64,DTE Staff,2025-02-25T04:07:32.0879979Z,esp/topic,1520,469
,70:A7:41:DC:77:CD,1,LAUREN,20,RP118,-63,DTE Staff,2025-02-25T04:15:00.5270034Z,esp/topic,1520,469
,70:A7:41:DC:77:CD,1,LAUREN,3,RP118,-67,DTE Staff,2025-02-25T04:08:01.3776814Z,esp/topic,1520,469
,70:A7:41:DC:77:CD,1,LAUREN,4,RP118,-66,DTE Staff,2025-02-25T04:08:26.1768459Z,esp/topic,1520,469
,70:A7:41:DC:77:CD,1,LAUREN,5,RP118,-62,DTE Staff,2025-02-25T04:08:52.4691517Z,esp/topic,1520,469
,70:A7:41:DC:77:CD,1,LAUREN,6,RP118,-63,DTE Staff,2025-02-25T04:09:11.2426226Z,esp/topic,1520,469
,70:A7:41:DC:77:CD,1,LAUREN,7,RP118,-61,DTE Staff,2025-02-25T04:09:39.6712393Z,esp/topic,1520,469
,70:A7:41:DC:77:CD,1,LAUREN,8,RP118,-63,DTE Staff,2025-02-25T04:10:02.03355Z,esp/topic,1520,469
,70:A7:41:DC:77:CD,1,LAUREN,9,RP118,-61,DTE Staff,2025-02-25T04:10:31.0147965Z,esp/topic,1520,469
,72:A7:41:9C:77:CD,1,LAUREN,1,RP118,-74,DTE Student,2025-02-25T04:07:08.9692681Z,esp/topic,1520,469
,72:A7:41:9C:77:CD,1,LAUREN,10,RP118,-60,DTE Student,2025-02-25T04:10:51.4882868Z,esp/topic,1520,469
,72:A7:41:9C:77:CD,1,LAUREN,11,RP118,-66,DTE Student,2025-02-25T04:11:20.7803621Z,esp/topic,1520,469
,72:A7:41:9C:77:CD,1,LAUREN,12,RP118,-66,DTE Student,2025-02-25T04:11:44.1662685Z,esp/topic,1520,469
,72:A7:41:9C:77:CD,1,LAUREN,13,RP118,-64,DTE Student,2025-02-25T04:12:09.3345204Z,esp/topic,1520,469
,72:A7:41:9C:77:CD,1,LAUREN,14,RP118,-65,DTE Student,2025-02-25T04:12:36.5064656Z,esp/topic,1520,469
,72:A7:41:9C:77:CD,1,LAUREN,15,RP118,-66,DTE Student,2025-02-25T04:12:59.9764136Z,esp/topic,1520,469
,72:A7:41:9C:77:CD,1,LAUREN,16,RP118,-64,DTE Student,2025-02-25T04:13:24.8303641Z,esp/topic,1520,469
,72:A7:41:9C:77:CD,1,LAUREN,17,RP118,-63,DTE Student,2025-02-25T04:13:50.4528556Z,esp/topic,1520,469
,72:A7:41:9C:77:CD,1,LAUREN,18,RP118,-66,DTE Student,2025-02-25T04:14:16.4893521Z,esp/topic,1520,469
,72:A7:41:9C:77:CD,1,LAUREN,19,RP118,-66,DTE Student,2025-02-25T04:14:37.9009387Z,esp/topic,1520,469
,72:A7:41:9C:77:CD,1,LAUREN,2,RP118,-65,DTE Student,2025-02-25T04:07:35.0938487Z,esp/topic,1520,469
,72:A7:41:9C:77:CD,1,LAUREN,20,RP118,-64,DTE Student,2025-02-25T04:15:03.4945982Z,esp/topic,1520,469
,72:A7:41:9C:77:CD,1,LAUREN,3,RP118,-67,DTE Student,2025-02-25T04:07:58.3703776Z,esp/topic,1520,469
,72:A7:41:9C:77:CD,1,LAUREN,4,RP118,-66,DTE Student,2025-02-25T04:08:32.583298Z,esp/topic,1520,469
,72:A7:41:9C:77:CD,1,LAUREN,5,RP118,-62,DTE Student,2025-02-25T04:08:49.4620968Z,esp/topic,1520,469
,72:A7:41:9C:77:CD,1,LAUREN,6,RP118,-63,DTE Student,2025-02-25T04:09:14.254823Z,esp/topic,1520,469
,72:A7:41:9C:77:CD,1,LAUREN,7,RP118,-61,DTE Student,2025-02-25T04:09:36.6837559Z,esp/topic,1520,469
,72:A7:41:9C:77:CD,1,LAUREN,8,RP118,-63,DTE Student,2025-02-25T04:10:05.3182413Z,esp/topic,1520,469
,72:A7:41:9C:77:CD,1,LAUREN,9,RP118,-61,DTE Student,2025-02-25T04:10:27.934839Z,esp/topic,1520,469
,70:A7:41:DC:77:CD,1,LAUREN,1,RP119,-62,DTE Staff,2025-02-25T04:16:51.2220564Z,esp/topic,1520,639
,70:A7:41:DC:77:CD,1,LAUREN,10,RP119,-62,DTE Staff,2025-02-25T04:20:39.9815101Z,esp/topic,1520,639
,70:A7:41:DC:77:CD,1,LAUREN,11,RP119,-61,DTE Staff,2025-02-25T04:21:03.3001078Z,esp/topic,1520,639
,70:A7:41:DC:77:CD,1,LAUREN,12,RP119,-57,DTE Staff,2025-02-25T04:21:31.9396665Z,esp/topic,1520,639
,70:A7:41:DC:77:CD,1,LAUREN,13,RP119,-59,DTE Staff,2025-02-25T04:21:51.9409818Z,esp/topic,1520,639
,70:A7:41:DC:77:CD,1,LAUREN,14,RP119,-59,DTE Staff,2025-02-25T04:22:18.0153575Z,esp/topic,1520,639
,70:A7:41:DC:77:CD,1,LAUREN,15,RP119,-67,DTE Staff,2025-02-25T04:22:43.3825034Z,esp/topic,1520,639
,70:A7:41:DC:77:CD,1,LAUREN,16,RP119,-65,DTE Staff,2025-02-25T04:23:05.8955651Z,esp/topic,1520,639
,70:A7:41:DC:77:CD,1,LAUREN,17,RP119,-68,DTE Staff,2025-02-25T04:23:41.7147243Z,esp/topic,1520,639
,70:A7:41:DC:77:CD,1,LAUREN,18,RP119,-69,DTE Staff,2025-02-25T04:24:05.9126801Z,esp/topic,1520,639
,70:A7:41:DC:77:CD,1,LAUREN,19,RP119,-65,DTE Staff,2025-02-25T04:24:36.7344181Z,esp/topic,1520,639
,70:A7:41:DC:77:CD,1,LAUREN,2,RP119,-58,DTE Staff,2025-02-25T04:17:14.1881821Z,esp/topic,1520,639
,70:A7:41:DC:77:CD,1,LAUREN,20,RP119,-61,DTE Staff,2025-02-25T04:24:59.2101462Z,esp/topic,1520,639
,70:A7:41:DC:77:CD,1,LAUREN,3,RP119,-62,DTE Staff,2025-02-25T04:17:40.748619Z,esp/topic,1520,639
,70:A7:41:DC:77:CD,1,LAUREN,4,RP119,-60,DTE Staff,2025-02-25T04:18:06.5846448Z,esp/topic,1520,639
,70:A7:41:DC:77:CD,1,LAUREN,5,RP119,-59,DTE Staff,2025-02-25T04:18:32.1874834Z,esp/topic,1520,639
,70:A7:41:DC:77:CD,1,LAUREN,6,RP119,-59,DTE Staff,2025-02-25T04:18:54.8187909Z,esp/topic,1520,639
,70:A7:41:DC:77:CD,1,LAUREN,7,RP119,-65,DTE Staff,2025-02-25T04:19:17.7717127Z,esp/topic,1520,639
,70:A7:41:DC:77:CD,1,LAUREN,8,RP119,-64,DTE Staff,2025-02-25T04:19:44.920264Z,esp/topic,1520,639
,70:A7:41:DC:77:CD,1,LAUREN,9,RP119,-64,DTE Staff,2025-02-25T04:20:13.4561034Z,esp/topic,1520,639
,72:A7:41:9C:77:CD,1,LAUREN,1,RP119,-62,DTE Student,2025-02-25T04:16:48.0867042Z,esp/topic,1520,639
,72:A7:41:9C:77:CD,1,LAUREN,10,RP119,-60,DTE Student,2025-02-25T04:20:37.049474Z,esp/topic,1520,639
,72:A7:41:9C:77:CD,1,LAUREN,11,RP119,-62,DTE Student,2025-02-25T04:21:06.2737792Z,esp/topic,1520,639
,72:A7:41:9C:77:CD,1,LAUREN,12,RP119,-57,DTE Student,2025-02-25T04:21:29.3049873Z,esp/topic,1520,639
,72:A7:41:9C:77:CD,1,LAUREN,13,RP119,-59,DTE Student,2025-02-25T04:21:54.7398656Z,esp/topic,1520,639
,72:A7:41:9C:77:CD,1,LAUREN,14,RP119,-59,DTE Student,2025-02-25T04:22:15.1291155Z,esp/topic,1520,639
,72:A7:41:9C:77:CD,1,LAUREN,15,RP119,-67,DTE Student,2025-02-25T04:22:40.891868Z,esp/topic,1520,639
,72:A7:41:9C:77:CD,1,LAUREN,16,RP119,-65,DTE Student,2025-02-25T04:23:08.866353Z,esp/topic,1520,639
,72:A7:41:9C:77:CD,1,LAUREN,17,RP119,-67,DTE Student,2025-02-25T04:23:38.2892533Z,esp/topic,1520,639
,72:A7:41:9C:77:CD,1,LAUREN,18,RP119,-69,DTE Student,2025-02-25T04:24:02.8987781Z,esp/topic,1520,639
,72:A7:41:9C:77:CD,1,LAUREN,19,RP119,-65,DTE Student,2025-02-25T04:24:33.5668224Z,esp/topic,1520,639
,72:A7:41:9C:77:CD,1,LAUREN,2,RP119,-58,DTE Student,2025-02-25T04:17:16.4320441Z,esp/topic,1520,639
,72:A7:41:9C:77:CD,1,LAUREN,20,RP119,-62,DTE Student,2025-02-25T04:25:02.2981513Z,esp/topic,1520,639
,72:A7:41:9C:77:CD,1,LAUREN,3,RP119,-63,DTE Student,2025-02-25T04:17:43.5502578Z,esp/topic,1520,639
,72:A7:41:9C:77:CD,1,LAUREN,4,RP119,-59,DTE Student,2025-02-25T04:18:03.1287201Z,esp/topic,1520,639
,72:A7:41:9C:77:CD,1,LAUREN,5,RP119,-59,DTE Student,2025-02-25T04:18:29.1310866Z,esp/topic,1520,639
,72:A7:41:9C:77:CD,1,LAUREN,6,RP119,-59,DTE Student,2025-02-25T04:18:57.9628137Z,esp/topic,1520,639
,72:A7:41:9C:77:CD,1,LAUREN,7,RP119,-65,DTE Student,2025-02-25T04:19:20.7260457Z,esp/topic,1520,639
,72:A7:41:9C:77:CD,1,LAUREN,8,RP119,-64,DTE Student,2025-02-25T04:19:48.3216736Z,esp/topic,1520,639
,72:A7:41:9C:77:CD,1,LAUREN,9,RP119,-63,DTE Student,2025-02-25T04:20:10.4015648Z,esp/topic,1520,639
,70:A7:41:DC:77:CD,1,LAUREN,1,RP120,-58,DTE Staff,2025-02-25T04:27:09.2121029Z,esp/topic,1520,838
,70:A7:41:DC:77:CD,1,LAUREN,10,RP120,-60,DTE Staff,2025-02-25T04:30:56.9540878Z,esp/topic,1520,838
,70:A7:41:DC:77:CD,1,LAUREN,11,RP120,-57,DTE Staff,2025-02-25T04:31:18.8364894Z,esp/topic,1520,838
,70:A7:41:DC:77:CD,1,LAUREN,12,RP120,-60,DTE Staff,2025-02-25T04:31:54.3842605Z,esp/topic,1520,838
,70:A7:41:DC:77:CD,1,LAUREN,13,RP120,-55,DTE Staff,2025-02-25T04:32:19.9299562Z,esp/topic,1520,838
,70:A7:41:DC:77:CD,1,LAUREN,14,RP120,-60,DTE Staff,2025-02-25T04:32:46.6838592Z,esp/topic,1520,838
,70:A7:41:DC:77:CD,1,LAUREN,15,RP120,-61,DTE Staff,2025-02-25T04:33:11.5029433Z,esp/topic,1520,838
,70:A7:41:DC:77:CD,1,LAUREN,16,RP120,-57,DTE Staff,2025-02-25T04:33:34.1340495Z,esp/topic,1520,838
,70:A7:41:DC:77:CD,1,LAUREN,17,RP120,-57,DTE Staff,2025-02-25T04:34:00.4646619Z,esp/topic,1520,838
,70:A7:41:DC:77:CD,1,LAUREN,18,RP120,-61,DTE Staff,2025-02-25T04:34:25.6885113Z,esp/topic,1520,838
,70:A7:41:DC:77:CD,1,LAUREN,19,RP120,-58,DTE Staff,2025-02-25T04:34:57.9600712Z,esp/topic,1520,838
,70:A7:41:DC:77:CD,1,LAUREN,2,RP120,-59,DTE Staff,2025-02-25T04:27:37.1027337Z,esp/topic,1520,838
,70:A7:41:DC:77:CD,1,LAUREN,20,RP120,-59,DTE Staff,2025-02-25T04:35:26.4775508Z,esp/topic,1520,838
,70:A7:41:DC:77:CD,1,LAUREN,3,RP120,-58,DTE Staff,2025-02-25T04:28:02.8706021Z,esp/topic,1520,838
,70:A7:41:DC:77:CD,1,LAUREN,4,RP120,-60,DTE Staff,2025-02-25T04:28:24.9763107Z,esp/topic,1520,838
,70:A7:41:DC:77:CD,1,LAUREN,5,RP120,-59,DTE Staff,2025-02-25T04:28:50.792832Z,esp/topic,1520,838
,70:A7:41:DC:77:CD,1,LAUREN,6,RP120,-59,DTE Staff,2025-02-25T04:29:16.3921869Z,esp/topic,1520,838
,70:A7:41:DC:77:CD,1,LAUREN,7,RP120,-58,DTE Staff,2025-02-25T04:29:44.2845161Z,esp/topic,1520,838
,70:A7:41:DC:77:CD,1,LAUREN,8,RP120,-59,DTE Staff,2025-02-25T04:30:05.9345197Z,esp/topic,1520,838
,70:A7:41:DC:77:CD,1,LAUREN,9,RP120,-57,DTE Staff,2025-02-25T04:30:28.7073459Z,esp/topic,1520,838
,72:A7:41:9C:77:CD,1,LAUREN,1,RP120,-58,DTE Student,2025-02-25T04:27:06.2429696Z,esp/topic,1520,838
,72:A7:41:9C:77:CD,1,LAUREN,10,RP120,-58,DTE Student,2025-02-25T04:30:54.0310547Z,esp/topic,1520,838
,72:A7:41:9C:77:CD,1,LAUREN,11,RP120,-58,DTE Student,2025-02-25T04:31:21.8842852Z,esp/topic,1520,838
,72:A7:41:9C:77:CD,1,LAUREN,12,RP120,-59,DTE Student,2025-02-25T04:31:50.9484368Z,esp/topic,1520,838
,72:A7:41:9C:77:CD,1,LAUREN,13,RP120,-54,DTE Student,2025-02-25T04:32:16.9212641Z,esp/topic,1520,838
,72:A7:41:9C:77:CD,1,LAUREN,14,RP120,-59,DTE Student,2025-02-25T04:32:43.7518895Z,esp/topic,1520,838
,72:A7:41:9C:77:CD,1,LAUREN,15,RP120,-61,DTE Student,2025-02-25T04:33:09.2345054Z,esp/topic,1520,838
,72:A7:41:9C:77:CD,1,LAUREN,16,RP120,-57,DTE Student,2025-02-25T04:33:37.0767989Z,esp/topic,1520,838
,72:A7:41:9C:77:CD,1,LAUREN,17,RP120,-58,DTE Student,2025-02-25T04:34:03.9200171Z,esp/topic,1520,838
,72:A7:41:9C:77:CD,1,LAUREN,18,RP120,-61,DTE Student,2025-02-25T04:34:28.7150765Z,esp/topic,1520,838
,72:A7:41:9C:77:CD,1,LAUREN,19,RP120,-58,DTE Student,2025-02-25T04:35:00.856656Z,esp/topic,1520,838
,72:A7:41:9C:77:CD,1,LAUREN,2,RP120,-58,DTE Student,2025-02-25T04:27:34.1848863Z,esp/topic,1520,838
,72:A7:41:9C:77:CD,1,LAUREN,20,RP120,-58,DTE Student,2025-02-25T04:35:23.523622Z,esp/topic,1520,838
,72:A7:41:9C:77:CD,1,LAUREN,3,RP120,-58,DTE Student,2025-02-25T04:28:00.1277864Z,esp/topic,1520,838
,72:A7:41:9C:77:CD,1,LAUREN,4,RP120,-60,DTE Student,2025-02-25T04:28:28.251254Z,esp/topic,1520,838
,72:A7:41:9C:77:CD,1,LAUREN,5,RP120,-59,DTE Student,2025-02-25T04:28:53.3650582Z,esp/topic,1520,838
,72:A7:41:9C:77:CD,1,LAUREN,6,RP120,-60,DTE Student,2025-02-25T04:29:19.4132608Z,esp/topic,1520,838
,72:A7:41:9C:77:CD,1,LAUREN,7,RP120,-58,DTE Student,2025-02-25T04:29:41.2770949Z,esp/topic,1520,838
,72:A7:41:9C:77:CD,1,LAUREN,8,RP120,-58,DTE Student,2025-02-25T04:30:02.9052623Z,esp/topic,1520,838
,72:A7:41:9C:77:CD,1,LAUREN,9,RP120,-58,DTE Student,2025-02-25T04:30:31.6926842Z,esp/topic,1520,838
,70:A7:41:DC:77:CD,1,LAUREN,1,RP31,-66,DTE Staff,2025-02-25T03:32:43.3428379Z,esp/topic,1219,1037
,70:A7:41:DC:77:CD,1,LAUREN,1,RP31,-68,DTE Staff,2025-02-25T03:34:09.0064085Z,esp/topic,1219,1037
,70:A7:41:DC:77:CD,1,LAUREN,2,RP31,-66,DTE Staff,2025-02-25T03:34:34.5683792Z,esp/topic,1219,1037
,72:A7:41:9C:77:CD,1,LAUREN,1,RP31,-67,DTE Student,2025-02-25T03:32:46.4151519Z,esp/topic,1219,1037
,72:A7:41:9C:77:CD,1,LAUREN,1,RP31,-67,DTE Student,2025-02-25T03:33:19.8114271Z,esp/topic,1219,1037
,72:A7:41:9C:77:CD,1,LAUREN,1,RP31,-67,DTE Student,2025-02-25T03:34:05.954159Z,esp/topic,1219,1037
,72:A7:41:9C:77:CD,1,LAUREN,2,RP31,-66,DTE Student,2025-02-25T03:33:08.9222812Z,esp/topic,1219,1037
,72:A7:41:9C:77:CD,1,LAUREN,2,RP31,-66,DTE Student,2025-02-25T03:34:31.5167745Z,esp/topic,1219,1037
,72:A7:41:9C:8E:55,11,LAUREN,1,RP113,-82,DTE IoT,2025-02-25T03:35:02.4460229Z,esp/topic,1290,469
,72:A7:41:9C:8E:55,11,LAUREN,1,RP113,-83,DTE IoT,2025-02-25T03:44:11.829797Z,esp/topic,1290,469
,72:A7:41:9C:8E:55,11,LAUREN,10,RP113,-79,DTE IoT,2025-02-25T03:38:40.7950642Z,esp/topic,1290,469
,72:A7:41:9C:8E:55,11,LAUREN,12,RP113,-77,DTE IoT,2025-02-25T03:39:21.7518408Z,esp/topic,1290,469
,72:A7:41:9C:8E:55,11,LAUREN,13,RP113,-78,DTE IoT,2025-02-25T03:39:47.0408675Z,esp/topic,1290,469
,72:A7:41:9C:8E:55,11,LAUREN,15,RP113,-82,DTE IoT,2025-02-25T03:40:33.6295475Z,esp/topic,1290,469
,72:A7:41:9C:8E:55,11,LAUREN,16,RP113,-79,DTE IoT,2025-02-25T03:41:01.3540862Z,esp/topic,1290,469
,72:A7:41:9C:8E:55,11,LAUREN,17,RP113,-76,DTE IoT,2025-02-25T03:41:24.045974Z,esp/topic,1290,469
,72:A7:41:9C:8E:55,11,LAUREN,18,RP113,-77,DTE IoT,2025-02-25T03:41:48.4338449Z,esp/topic,1290,469
,72:A7:41:9C:8E:55,11,LAUREN,2,RP113,-78,DTE IoT,2025-02-25T03:35:25.5760144Z,esp/topic,1290,469
,72:A7:41:9C:8E:55,11,LAUREN,2,RP113,-82,DTE IoT,2025-02-25T03:44:39.5336291Z,esp/topic,1290,469
,72:A7:41:9C:8E:55,11,LAUREN,4,RP113,-76,DTE IoT,2025-02-25T03:36:07.2296749Z,esp/topic,1290,469
,72:A7:41:9C:8E:55,11,LAUREN,5,RP113,-78,DTE IoT,2025-02-25T03:36:36.2742745Z,esp/topic,1290,469
,72:A7:41:9C:8E:55,11,LAUREN,6,RP113,-82,DTE IoT,2025-02-25T03:36:58.4282121Z,esp/topic,1290,469
,72:A7:41:9C:8E:55,11,LAUREN,7,RP113,-79,DTE IoT,2025-02-25T03:37:26.6798212Z,esp/topic,1290,469
,72:A7:41:9C:8E:55,11,LAUREN,8,RP113,-78,DTE IoT,2025-02-25T03:37:49.9015369Z,esp/topic,1290,469
,70:A7:41:DC:8E:55,11,LAUREN,1,RP113,-81,DTE Staff,2025-02-25T03:35:00.0156667Z,esp/topic,1290,469
,70:A7:41:DC:8E:55,11,LAUREN,1,RP113,-83,DTE Staff,2025-02-25T03:44:08.7319786Z,esp/topic,1290,469
,70:A7:41:DC:8E:55,11,LAUREN,10,RP113,-78,DTE Staff,2025-02-25T03:38:37.7885259Z,esp/topic,1290,469
,70:A7:41:DC:8E:55,11,LAUREN,12,RP113,-79,DTE Staff,2025-02-25T03:39:24.775937Z,esp/topic,1290,469
,70:A7:41:DC:8E:55,11,LAUREN,13,RP113,-80,DTE Staff,2025-02-25T03:39:49.9187508Z,esp/topic,1290,469
,70:A7:41:DC:8E:55,11,LAUREN,14,RP113,-80,DTE Staff,2025-02-25T03:40:11.5266418Z,esp/topic,1290,469
,70:A7:41:DC:8E:55,11,LAUREN,15,RP113,-82,DTE Staff,2025-02-25T03:40:38.0937088Z,esp/topic,1290,469
,70:A7:41:DC:8E:55,11,LAUREN,16,RP113,-79,DTE Staff,2025-02-25T03:40:58.2389452Z,esp/topic,1290,469
,70:A7:41:DC:8E:55,11,LAUREN,17,RP113,-77,DTE Staff,2025-02-25T03:41:27.1270537Z,esp/topic,1290,469
,70:A7:41:DC:8E:55,11,LAUREN,18,RP113,-77,DTE Staff,2025-02-25T03:41:45.5491504Z,esp/topic,1290,469
,70:A7:41:DC:8E:55,11,LAUREN,19,RP113,-81,DTE Staff,2025-02-25T03:42:10.9498743Z,esp/topic,1290,469
,70:A7:41:DC:8E:55,11,LAUREN,2,RP113,-81,DTE Staff,2025-02-25T03:44:36.559666Z,esp/topic,1290,469
,70:A7:41:DC:8E:55,11,LAUREN,20,RP113,-81,DTE Staff,2025-02-25T03:42:34.5976861Z,esp/topic,1290,469
,70:A7:41:DC:8E:55,11,LAUREN,3,RP113,-82,DTE Staff,2025-02-25T03:45:01.9918834Z,esp/topic,1290,469
,70:A7:41:DC:8E:55,11,LAUREN,4,RP113,-77,DTE Staff,2025-02-25T03:36:10.1910138Z,esp/topic,1290,469
,70:A7:41:DC:8E:55,11,LAUREN,5,RP113,-73,DTE Staff,2025-02-25T03:36:33.2845618Z,esp/topic,1290,469
,70:A7:41:DC:8E:55,11,LAUREN,7,RP113,-77,DTE Staff,2025-02-25T03:37:22.7889235Z,esp/topic,1290,469
,70:A7:41:DC:8E:55,11,LAUREN,8,RP113,-79,DTE Staff,2025-02-25T03:37:52.9542059Z,esp/topic,1290,469
,70:A7:41:DC:8E:55,11,LAUREN,8,RP113,-82,DTE Staff,2025-02-25T03:46:45.0739387Z,esp/topic,1290,469
,70:A7:41:DC:8E:55,11,LAUREN,9,RP113,-82,DTE Staff,2025-02-25T03:38:15.9189882Z,esp/topic,1290,469
,72:A7:41:9C:8E:55,11,LAUREN,1,RP114,-77,DTE IoT,2025-02-25T03:47:17.7662697Z,esp/topic,1290,639
,72:A7:41:9C:8E:55,11,LAUREN,10,RP114,-77,DTE IoT,2025-02-25T03:51:06.4091287Z,esp/topic,1290,639
,72:A7:41:9C:8E:55,11,LAUREN,11,RP114,-76,DTE IoT,2025-02-25T03:51:29.4679498Z,esp/topic,1290,639
,72:A7:41:9C:8E:55,11,LAUREN,12,RP114,-76,DTE IoT,2025-02-25T03:51:58.0148329Z,esp/topic,1290,639
,72:A7:41:9C:8E:55,11,LAUREN,14,RP114,-78,DTE IoT,2025-02-25T03:52:43.4522654Z,esp/topic,1290,639
,72:A7:41:9C:8E:55,11,LAUREN,15,RP114,-81,DTE IoT,2025-02-25T03:53:11.326721Z,esp/topic,1290,639
,72:A7:41:9C:8E:55,11,LAUREN,16,RP114,-79,DTE IoT,2025-02-25T03:53:40.3101976Z,esp/topic,1290,639
,72:A7:41:9C:8E:55,11,LAUREN,17,RP114,-78,DTE IoT,2025-02-25T03:54:03.3525736Z,esp/topic,1290,639
,72:A7:41:9C:8E:55,11,LAUREN,18,RP114,-79,DTE IoT,2025-02-25T03:54:33.4137843Z,esp/topic,1290,639
,72:A7:41:9C:8E:55,11,LAUREN,19,RP114,-77,DTE IoT,2025-02-25T03:55:00.1737998Z,esp/topic,1290,639
,72:A7:41:9C:8E:55,11,LAUREN,2,RP114,-78,DTE IoT,2025-02-25T03:47:43.646549Z,esp/topic,1290,639
,72:A7:41:9C:8E:55,11,LAUREN,20,RP114,-78,DTE IoT,2025-02-25T03:55:26.201117Z,esp/topic,1290,639
,72:A7:41:9C:8E:55,11,LAUREN,3,RP114,-77,DTE IoT,2025-02-25T03:48:11.4980163Z,esp/topic,1290,639
,72:A7:41:9C:8E:55,11,LAUREN,4,RP114,-77,DTE IoT,2025-02-25T03:48:35.0492325Z,esp/topic,1290,639
,72:A7:41:9C:8E:55,11,LAUREN,5,RP114,-80,DTE IoT,2025-02-25T03:48:58.744165Z,esp/topic,1290,639
,72:A7:41:9C:8E:55,11,LAUREN,7,RP114,-78,DTE IoT,2025-02-25T03:49:46.4272834Z,esp/topic,1290,639
,72:A7:41:9C:8E:55,11,LAUREN,8,RP114,-78,DTE IoT,2025-02-25T03:50:14.9347284Z,esp/topic,1290,639
,72:A7:41:9C:8E:55,11,LAUREN,9,RP114,-78,DTE IoT,2025-02-25T03:50:39.9816781Z,esp/topic,1290,639
,70:A7:41:DC:8E:55,11,LAUREN,1,RP114,-77,DTE Staff,2025-02-25T03:47:14.6065666Z,esp/topic,1290,639
,70:A7:41:DC:8E:55,11,LAUREN,10,RP114,-77,DTE Staff,2025-02-25T03:51:03.4357326Z,esp/topic,1290,639
,70:A7:41:DC:8E:55,11,LAUREN,11,RP114,-76,DTE Staff,2025-02-25T03:51:32.6187666Z,esp/topic,1290,639
,70:A7:41:DC:8E:55,11,LAUREN,12,RP114,-76,DTE Staff,2025-02-25T03:51:54.9450008Z,esp/topic,1290,639
,70:A7:41:DC:8E:55,11,LAUREN,13,RP114,-76,DTE Staff,2025-02-25T03:52:20.6400306Z,esp/topic,1290,639
,70:A7:41:DC:8E:55,11,LAUREN,14,RP114,-79,DTE Staff,2025-02-25T03:52:46.5562715Z,esp/topic,1290,639
,70:A7:41:DC:8E:55,11,LAUREN,15,RP114,-83,DTE Staff,2025-02-25T03:53:14.3051797Z,esp/topic,1290,639
,70:A7:41:DC:8E:55,11,LAUREN,16,RP114,-78,DTE Staff,2025-02-25T03:53:37.6616474Z,esp/topic,1290,639
,70:A7:41:DC:8E:55,11,LAUREN,17,RP114,-79,DTE Staff,2025-02-25T03:54:06.4319219Z,esp/topic,1290,639
,70:A7:41:DC:8E:55,11,LAUREN,18,RP114,-79,DTE Staff,2025-02-25T03:54:30.3814658Z,esp/topic,1290,639
,70:A7:41:DC:8E:55,11,LAUREN,19,RP114,-77,DTE Staff,2025-02-25T03:54:57.7368924Z,esp/topic,1290,639
,70:A7:41:DC:8E:55,11,LAUREN,2,RP114,-78,DTE Staff,2025-02-25T03:47:40.2722214Z,esp/topic,1290,639
,70:A7:41:DC:8E:55,11,LAUREN,20,RP114,-77,DTE Staff,2025-02-25T03:55:23.1327581Z,esp/topic,1290,639
,70:A7:41:DC:8E:55,11,LAUREN,3,RP114,-77,DTE Staff,2025-02-25T03:48:11.4980163Z,esp/topic,1290,639
,70:A7:41:DC:8E:55,11,LAUREN,4,RP114,-77,DTE Staff,2025-02-25T03:48:32.0910168Z,esp/topic,1290,639
,70:A7:41:DC:8E:55,11,LAUREN,5,RP114,-81,DTE Staff,2025-02-25T03:49:01.772308Z,esp/topic,1290,639
,70:A7:41:DC:8E:55,11,LAUREN,6,RP114,-76,DTE Staff,2025-02-25T03:49:24.0105536Z,esp/topic,1290,639
,70:A7:41:DC:8E:55,11,LAUREN,7,RP114,-81,DTE Staff,2025-02-25T03:49:49.4968272Z,esp/topic,1290,639
,70:A7:41:DC:8E:55,11,LAUREN,8,RP114,-78,DTE Staff,2025-02-25T03:50:11.8465596Z,esp/topic,1290,639
,70:A7:41:DC:8E:55,11,LAUREN,9,RP114,-73,DTE Staff,2025-02-25T03:50:37.0070061Z,esp/topic,1290,639
,72:A7:41:9C:8E:55,11,LAUREN,1,RP115,-84,DTE IoT,2025-02-25T03:57:07.9200702Z,esp/topic,1290,838
,72:A7:41:9C:8E:55,11,LAUREN,10,RP115,-84,DTE IoT,2025-02-25T04:00:51.6916449Z,esp/topic,1290,838
,72:A7:41:9C:8E:55,11,LAUREN,11,RP115,-82,DTE IoT,2025-02-25T04:01:20.023981Z,esp/topic,1290,838
,72:A7:41:9C:8E:55,11,LAUREN,12,RP115,-83,DTE IoT,2025-02-25T04:01:44.7828663Z,esp/topic,1290,838
,72:A7:41:9C:8E:55,11,LAUREN,13,RP115,-82,DTE IoT,2025-02-25T04:02:06.5799969Z,esp/topic,1290,838
,72:A7:41:9C:8E:55,11,LAUREN,14,RP115,-81,DTE IoT,2025-02-25T04:02:32.5995556Z,esp/topic,1290,838
,72:A7:41:9C:8E:55,11,LAUREN,16,RP115,-84,DTE IoT,2025-02-25T04:03:31.9869602Z,esp/topic,1290,838
,72:A7:41:9C:8E:55,11,LAUREN,17,RP115,-81,DTE IoT,2025-02-25T04:04:01.2631614Z,esp/topic,1290,838
,72:A7:41:9C:8E:55,11,LAUREN,18,RP115,-84,DTE IoT,2025-02-25T04:04:30.012471Z,esp/topic,1290,838
,72:A7:41:9C:8E:55,11,LAUREN,19,RP115,-82,DTE IoT,2025-02-25T04:04:52.7289317Z,esp/topic,1290,838
,72:A7:41:9C:8E:55,11,LAUREN,2,RP115,-85,DTE IoT,2025-02-25T03:57:37.0676282Z,esp/topic,1290,838
,72:A7:41:9C:8E:55,11,LAUREN,20,RP115,-82,DTE IoT,2025-02-25T04:05:23.0195813Z,esp/topic,1290,838
,72:A7:41:9C:8E:55,11,LAUREN,3,RP115,-83,DTE IoT,2025-02-25T03:58:02.3344917Z,esp/topic,1290,838
,72:A7:41:9C:8E:55,11,LAUREN,4,RP115,-85,DTE IoT,2025-02-25T03:58:25.1187189Z,esp/topic,1290,838
,72:A7:41:9C:8E:55,11,LAUREN,5,RP115,-81,DTE IoT,2025-02-25T03:58:51.5699428Z,esp/topic,1290,838
,72:A7:41:9C:8E:55,11,LAUREN,6,RP115,-82,DTE IoT,2025-02-25T03:59:13.7230815Z,esp/topic,1290,838
,72:A7:41:9C:8E:55,11,LAUREN,7,RP115,-82,DTE IoT,2025-02-25T03:59:35.3963792Z,esp/topic,1290,838
,72:A7:41:9C:8E:55,11,LAUREN,8,RP115,-83,DTE IoT,2025-02-25T04:00:02.8875641Z,esp/topic,1290,838
,72:A7:41:9C:8E:55,11,LAUREN,9,RP115,-84,DTE IoT,2025-02-25T04:00:28.7304723Z,esp/topic,1290,838
,70:A7:41:DC:8E:55,11,LAUREN,1,RP115,-83,DTE Staff,2025-02-25T03:57:04.7106804Z,esp/topic,1290,838
,70:A7:41:DC:8E:55,11,LAUREN,10,RP115,-85,DTE Staff,2025-02-25T04:00:54.4142686Z,esp/topic,1290,838
,70:A7:41:DC:8E:55,11,LAUREN,11,RP115,-81,DTE Staff,2025-02-25T04:01:17.119533Z,esp/topic,1290,838
,70:A7:41:DC:8E:55,11,LAUREN,12,RP115,-83,DTE Staff,2025-02-25T04:01:42.0333618Z,esp/topic,1290,838
,70:A7:41:DC:8E:55,11,LAUREN,13,RP115,-85,DTE Staff,2025-02-25T04:02:09.5689077Z,esp/topic,1290,838
,70:A7:41:DC:8E:55,11,LAUREN,14,RP115,-82,DTE Staff,2025-02-25T04:02:35.2461836Z,esp/topic,1290,838
,70:A7:41:DC:8E:55,11,LAUREN,15,RP115,-82,DTE Staff,2025-02-25T04:02:59.3138156Z,esp/topic,1290,838
,70:A7:41:DC:8E:55,11,LAUREN,16,RP115,-83,DTE Staff,2025-02-25T04:03:28.8521238Z,esp/topic,1290,838
,70:A7:41:DC:8E:55,11,LAUREN,19,RP115,-86,DTE Staff,2025-02-25T04:04:55.457539Z,esp/topic,1290,838
,70:A7:41:DC:8E:55,11,LAUREN,2,RP115,-83,DTE Staff,2025-02-25T03:57:33.6078677Z,esp/topic,1290,838
,70:A7:41:DC:8E:55,11,LAUREN,3,RP115,-82,DTE Staff,2025-02-25T03:57:59.1828079Z,esp/topic,1290,838
,70:A7:41:DC:8E:55,11,LAUREN,4,RP115,-86,DTE Staff,2025-02-25T03:58:28.3708828Z,esp/topic,1290,838
,70:A7:41:DC:8E:55,11,LAUREN,7,RP115,-83,DTE Staff,2025-02-25T03:59:38.5189373Z,esp/topic,1290,838
,70:A7:41:DC:8E:55,11,LAUREN,8,RP115,-83,DTE Staff,2025-02-25T04:00:06.0744874Z,esp/topic,1290,838
,72:A7:41:9C:8E:55,11,LAUREN,1,RP118,-79,DTE IoT,2025-02-25T04:07:14.8138824Z,esp/topic,1520,469
,72:A7:41:9C:8E:55,11,LAUREN,10,RP118,-79,DTE IoT,2025-02-25T04:11:00.6048908Z,esp/topic,1520,469
,72:A7:41:9C:8E:55,11,LAUREN,11,RP118,-77,DTE IoT,2025-02-25T04:11:26.7111293Z,esp/topic,1520,469
,72:A7:41:9C:8E:55,11,LAUREN,12,RP118,-76,DTE IoT,2025-02-25T04:11:49.9747333Z,esp/topic,1520,469
,72:A7:41:9C:8E:55,11,LAUREN,13,RP118,-76,DTE IoT,2025-02-25T04:12:15.5463771Z,esp/topic,1520,469
,72:A7:41:9C:8E:55,11,LAUREN,14,RP118,-75,DTE IoT,2025-02-25T04:12:42.7969495Z,esp/topic,1520,469
,72:A7:41:9C:8E:55,11,LAUREN,15,RP118,-77,DTE IoT,2025-02-25T04:13:05.9787409Z,esp/topic,1520,469
,72:A7:41:9C:8E:55,11,LAUREN,16,RP118,-77,DTE IoT,2025-02-25T04:13:27.9379301Z,esp/topic,1520,469
,72:A7:41:9C:8E:55,11,LAUREN,17,RP118,-76,DTE IoT,2025-02-25T04:13:53.6745287Z,esp/topic,1520,469
,72:A7:41:9C:8E:55,11,LAUREN,18,RP118,-77,DTE IoT,2025-02-25T04:14:19.361673Z,esp/topic,1520,469
,72:A7:41:9C:8E:55,11,LAUREN,2,RP118,-77,DTE IoT,2025-02-25T04:07:38.1033327Z,esp/topic,1520,469
,72:A7:41:9C:8E:55,11,LAUREN,20,RP118,-77,DTE IoT,2025-02-25T04:15:09.4352888Z,esp/topic,1520,469
,72:A7:41:9C:8E:55,11,LAUREN,3,RP118,-74,DTE IoT,2025-02-25T04:08:04.4160416Z,esp/topic,1520,469
,72:A7:41:9C:8E:55,11,LAUREN,4,RP118,-74,DTE IoT,2025-02-25T04:08:32.583298Z,esp/topic,1520,469
,72:A7:41:9C:8E:55,11,LAUREN,5,RP118,-73,DTE IoT,2025-02-25T04:08:55.4975343Z,esp/topic,1520,469
,72:A7:41:9C:8E:55,11,LAUREN,6,RP118,-75,DTE IoT,2025-02-25T04:09:17.2490527Z,esp/topic,1520,469
,72:A7:41:9C:8E:55,11,LAUREN,7,RP118,-78,DTE IoT,2025-02-25T04:09:45.6479238Z,esp/topic,1520,469
,72:A7:41:9C:8E:55,11,LAUREN,8,RP118,-79,DTE IoT,2025-02-25T04:10:10.9611014Z,esp/topic,1520,469
,72:A7:41:9C:8E:55,11,LAUREN,9,RP118,-78,DTE IoT,2025-02-25T04:10:34.3489032Z,esp/topic,1520,469
,70:A7:41:DC:8E:55,11,LAUREN,1,RP118,-79,DTE Staff,2025-02-25T04:07:12.0431871Z,esp/topic,1520,469
,70:A7:41:DC:8E:55,11,LAUREN,10,RP118,-79,DTE Staff,2025-02-25T04:10:57.5320344Z,esp/topic,1520,469
,70:A7:41:DC:8E:55,11,LAUREN,11,RP118,-77,DTE Staff,2025-02-25T04:11:23.7431702Z,esp/topic,1520,469
,70:A7:41:DC:8E:55,11,LAUREN,12,RP118,-76,DTE Staff,2025-02-25T04:11:53.4123032Z,esp/topic,1520,469
,70:A7:41:DC:8E:55,11,LAUREN,13,RP118,-78,DTE Staff,2025-02-25T04:12:18.2942361Z,esp/topic,1520,469
,70:A7:41:DC:8E:55,11,LAUREN,14,RP118,-78,DTE Staff,2025-02-25T04:12:45.5304568Z,esp/topic,1520,469
,70:A7:41:DC:8E:55,11,LAUREN,15,RP118,-76,DTE Staff,2025-02-25T04:13:03.4346367Z,esp/topic,1520,469
,70:A7:41:DC:8E:55,11,LAUREN,16,RP118,-78,DTE Staff,2025-02-25T04:13:30.935581Z,esp/topic,1520,469
,70:A7:41:DC:8E:55,11,LAUREN,17,RP118,-76,DTE Staff,2025-02-25T04:13:56.7812127Z,esp/topic,1520,469
,70:A7:41:DC:8E:55,11,LAUREN,18,RP118,-78,DTE Staff,2025-02-25T04:14:22.2350087Z,esp/topic,1520,469
,70:A7:41:DC:8E:55,11,LAUREN,19,RP118,-79,DTE Staff,2025-02-25T04:14:44.2510921Z,esp/topic,1520,469
,70:A7:41:DC:8E:55,11,LAUREN,2,RP118,-78,DTE Staff,2025-02-25T04:07:41.1242477Z,esp/topic,1520,469
,70:A7:41:DC:8E:55,11,LAUREN,20,RP118,-77,DTE Staff,2025-02-25T04:15:06.4751599Z,esp/topic,1520,469
,70:A7:41:DC:8E:55,11,LAUREN,3,RP118,-76,DTE Staff,2025-02-25T04:08:07.4035993Z,esp/topic,1520,469
,70:A7:41:DC:8E:55,11,LAUREN,4,RP118,-76,DTE Staff,2025-02-25T04:08:32.583298Z,esp/topic,1520,469
,70:A7:41:DC:8E:55,11,LAUREN,6,RP118,-76,DTE Staff,2025-02-25T04:09:20.4076086Z,esp/topic,1520,469
,70:A7:41:DC:8E:55,11,LAUREN,7,RP118,-77,DTE Staff,2025-02-25T04:09:42.5875229Z,esp/topic,1520,469
,70:A7:41:DC:8E:55,11,LAUREN,8,RP118,-76,DTE Staff,2025-02-25T04:10:08.0199675Z,esp/topic,1520,469
,72:A7:41:9C:8E:55,11,LAUREN,1,RP119,-78,DTE IoT,2025-02-25T04:16:57.5619034Z,esp/topic,1520,639
,72:A7:41:9C:8E:55,11,LAUREN,10,RP119,-75,DTE IoT,2025-02-25T04:20:43.4737609Z,esp/topic,1520,639
,72:A7:41:9C:8E:55,11,LAUREN,11,RP119,-77,DTE IoT,2025-02-25T04:21:09.2842792Z,esp/topic,1520,639
,72:A7:41:9C:8E:55,11,LAUREN,12,RP119,-76,DTE IoT,2025-02-25T04:21:34.8704849Z,esp/topic,1520,639
,72:A7:41:9C:8E:55,11,LAUREN,14,RP119,-79,DTE IoT,2025-02-25T04:22:21.0276504Z,esp/topic,1520,639
,72:A7:41:9C:8E:55,11,LAUREN,15,RP119,-78,DTE IoT,2025-02-25T04:22:49.4220134Z,esp/topic,1520,639
,72:A7:41:9C:8E:55,11,LAUREN,16,RP119,-78,DTE IoT,2025-02-25T04:23:15.5916046Z,esp/topic,1520,639
,72:A7:41:9C:8E:55,11,LAUREN,18,RP119,-75,DTE IoT,2025-02-25T04:24:08.9211963Z,esp/topic,1520,639
,72:A7:41:9C:8E:55,11,LAUREN,19,RP119,-77,DTE IoT,2025-02-25T04:24:39.607219Z,esp/topic,1520,639
,72:A7:41:9C:8E:55,11,LAUREN,2,RP119,-77,DTE IoT,2025-02-25T04:17:22.2047711Z,esp/topic,1520,639
,72:A7:41:9C:8E:55,11,LAUREN,20,RP119,-79,DTE IoT,2025-02-25T04:25:08.3844439Z,esp/topic,1520,639
,72:A7:41:9C:8E:55,11,LAUREN,4,RP119,-76,DTE IoT,2025-02-25T04:18:09.9776235Z,esp/topic,1520,639
,72:A7:41:9C:8E:55,11,LAUREN,5,RP119,-77,DTE IoT,2025-02-25T04:18:35.2518605Z,esp/topic,1520,639
,72:A7:41:9C:8E:55,11,LAUREN,7,RP119,-77,DTE IoT,2025-02-25T04:19:26.7586836Z,esp/topic,1520,639
,72:A7:41:9C:8E:55,11,LAUREN,8,RP119,-78,DTE IoT,2025-02-25T04:19:50.9884465Z,esp/topic,1520,639
,72:A7:41:9C:8E:55,11,LAUREN,9,RP119,-78,DTE IoT,2025-02-25T04:20:19.4016029Z,esp/topic,1520,639
,70:A7:41:DC:8E:55,11,LAUREN,1,RP119,-78,DTE Staff,2025-02-25T04:16:54.2229527Z,esp/topic,1520,639
,70:A7:41:DC:8E:55,11,LAUREN,10,RP119,-79,DTE Staff,2025-02-25T04:20:46.1335424Z,esp/topic,1520,639
,70:A7:41:DC:8E:55,11,LAUREN,11,RP119,-78,DTE Staff,2025-02-25T04:21:12.7545921Z,esp/topic,1520,639
,70:A7:41:DC:8E:55,11,LAUREN,13,RP119,-79,DTE Staff,2025-02-25T04:21:57.9506202Z,esp/topic,1520,639
,70:A7:41:DC:8E:55,11,LAUREN,14,RP119,-79,DTE Staff,2025-02-25T04:22:24.1255412Z,esp/topic,1520,639
,70:A7:41:DC:8E:55,11,LAUREN,15,RP119,-78,DTE Staff,2025-02-25T04:22:46.4478108Z,esp/topic,1520,639
,70:A7:41:DC:8E:55,11,LAUREN,16,RP119,-78,DTE Staff,2025-02-25T04:23:11.8335404Z,esp/topic,1520,639
,70:A7:41:DC:8E:55,11,LAUREN,17,RP119,-76,DTE Staff,2025-02-25T04:23:44.4091997Z,esp/topic,1520,639
,70:A7:41:DC:8E:55,11,LAUREN,18,RP119,-76,DTE Staff,2025-02-25T04:24:11.9361433Z,esp/topic,1520,639
,70:A7:41:DC:8E:55,11,LAUREN,19,RP119,-77,DTE Staff,2025-02-25T04:24:42.979479Z,esp/topic,1520,639
,70:A7:41:DC:8E:55,11,LAUREN,2,RP119,-76,DTE Staff,2025-02-25T04:17:19.1346128Z,esp/topic,1520,639
,70:A7:41:DC:8E:55,11,LAUREN,20,RP119,-78,DTE Staff,2025-02-25T04:25:05.4749156Z,esp/topic,1520,639
,70:A7:41:DC:8E:55,11,LAUREN,3,RP119,-76,DTE Staff,2025-02-25T04:17:46.5044183Z,esp/topic,1520,639
,70:A7:41:DC:8E:55,11,LAUREN,4,RP119,-78,DTE Staff,2025-02-25T04:18:12.3852993Z,esp/topic,1520,639
,70:A7:41:DC:8E:55,11,LAUREN,5,RP119,-78,DTE Staff,2025-02-25T04:18:38.4034024Z,esp/topic,1520,639
,70:A7:41:DC:8E:55,11,LAUREN,6,RP119,-76,DTE Staff,2025-02-25T04:19:00.8640493Z,esp/topic,1520,639
,70:A7:41:DC:8E:55,11,LAUREN,7,RP119,-74,DTE Staff,2025-02-25T04:19:23.6295086Z,esp/topic,1520,639
,70:A7:41:DC:8E:55,11,LAUREN,8,RP119,-79,DTE Staff,2025-02-25T04:19:53.894426Z,esp/topic,1520,639
,70:A7:41:DC:8E:55,11,LAUREN,9,RP119,-75,DTE Staff,2025-02-25T04:20:16.4389247Z,esp/topic,1520,639
,72:A7:41:9C:8E:55,11,LAUREN,1,RP120,-80,DTE IoT,2025-02-25T04:27:15.1145838Z,esp/topic,1520,838
,72:A7:41:9C:8E:55,11,LAUREN,10,RP120,-79,DTE IoT,2025-02-25T04:31:02.9891587Z,esp/topic,1520,838
,72:A7:41:9C:8E:55,11,LAUREN,11,RP120,-79,DTE IoT,2025-02-25T04:31:28.06808Z,esp/topic,1520,838
,72:A7:41:9C:8E:55,11,LAUREN,12,RP120,-81,DTE IoT,2025-02-25T04:31:57.5968578Z,esp/topic,1520,838
,72:A7:41:9C:8E:55,11,LAUREN,13,RP120,-83,DTE IoT,2025-02-25T04:32:22.8753186Z,esp/topic,1520,838
,72:A7:41:9C:8E:55,11,LAUREN,14,RP120,-81,DTE IoT,2025-02-25T04:32:52.8827453Z,esp/topic,1520,838
,72:A7:41:9C:8E:55,11,LAUREN,15,RP120,-81,DTE IoT,2025-02-25T04:33:14.368339Z,esp/topic,1520,838
,72:A7:41:9C:8E:55,11,LAUREN,16,RP120,-83,DTE IoT,2025-02-25T04:33:40.4040741Z,esp/topic,1520,838
,72:A7:41:9C:8E:55,11,LAUREN,17,RP120,-80,DTE IoT,2025-02-25T04:34:09.675771Z,esp/topic,1520,838
,72:A7:41:9C:8E:55,11,LAUREN,18,RP120,-81,DTE IoT,2025-02-25T04:34:34.7512357Z,esp/topic,1520,838
,72:A7:41:9C:8E:55,11,LAUREN,19,RP120,-80,DTE IoT,2025-02-25T04:35:07.0127233Z,esp/topic,1520,838
,72:A7:41:9C:8E:55,11,LAUREN,2,RP120,-79,DTE IoT,2025-02-25T04:27:40.1042759Z,esp/topic,1520,838
,72:A7:41:9C:8E:55,11,LAUREN,20,RP120,-80,DTE IoT,2025-02-25T04:35:29.850076Z,esp/topic,1520,838
,72:A7:41:9C:8E:55,11,LAUREN,3,RP120,-78,DTE IoT,2025-02-25T04:28:05.8679087Z,esp/topic,1520,838
,72:A7:41:9C:8E:55,11,LAUREN,4,RP120,-77,DTE IoT,2025-02-25T04:28:33.9715663Z,esp/topic,1520,838
,72:A7:41:9C:8E:55,11,LAUREN,5,RP120,-78,DTE IoT,2025-02-25T04:28:56.3731478Z,esp/topic,1520,838
,72:A7:41:9C:8E:55,11,LAUREN,6,RP120,-79,DTE IoT,2025-02-25T04:29:25.44126Z,esp/topic,1520,838
,72:A7:41:9C:8E:55,11,LAUREN,7,RP120,-81,DTE IoT,2025-02-25T04:29:47.3179055Z,esp/topic,1520,838
,72:A7:41:9C:8E:55,11,LAUREN,8,RP120,-80,DTE IoT,2025-02-25T04:30:11.9221293Z,esp/topic,1520,838
,72:A7:41:9C:8E:55,11,LAUREN,9,RP120,-79,DTE IoT,2025-02-25T04:30:37.7995026Z,esp/topic,1520,838
,70:A7:41:DC:8E:55,11,LAUREN,1,RP120,-79,DTE Staff,2025-02-25T04:27:12.1043725Z,esp/topic,1520,838
,70:A7:41:DC:8E:55,11,LAUREN,10,RP120,-79,DTE Staff,2025-02-25T04:30:59.9695191Z,esp/topic,1520,838
,70:A7:41:DC:8E:55,11,LAUREN,11,RP120,-77,DTE Staff,2025-02-25T04:31:24.9094927Z,esp/topic,1520,838
,70:A7:41:DC:8E:55,11,LAUREN,12,RP120,-85,DTE Staff,2025-02-25T04:32:00.2846537Z,esp/topic,1520,838
,70:A7:41:DC:8E:55,11,LAUREN,13,RP120,-84,DTE Staff,2025-02-25T04:32:25.9347917Z,esp/topic,1520,838
,70:A7:41:DC:8E:55,11,LAUREN,14,RP120,-80,DTE Staff,2025-02-25T04:32:49.8224183Z,esp/topic,1520,838
,70:A7:41:DC:8E:55,11,LAUREN,15,RP120,-81,DTE Staff,2025-02-25T04:33:17.5345025Z,esp/topic,1520,838
,70:A7:41:DC:8E:55,11,LAUREN,16,RP120,-84,DTE Staff,2025-02-25T04:33:43.0456958Z,esp/topic,1520,838
,70:A7:41:DC:8E:55,11,LAUREN,17,RP120,-79,DTE Staff,2025-02-25T04:34:06.481961Z,esp/topic,1520,838
,70:A7:41:DC:8E:55,11,LAUREN,18,RP120,-80,DTE Staff,2025-02-25T04:34:31.7840289Z,esp/topic,1520,838
,70:A7:41:DC:8E:55,11,LAUREN,19,RP120,-79,DTE Staff,2025-02-25T04:35:03.8322233Z,esp/topic,1520,838
,70:A7:41:DC:8E:55,11,LAUREN,2,RP120,-81,DTE Staff,2025-02-25T04:27:43.1188131Z,esp/topic,1520,838
,70:A7:41:DC:8E:55,11,LAUREN,20,RP120,-81,DTE Staff,2025-02-25T04:35:32.5090768Z,esp/topic,1520,838
,70:A7:41:DC:8E:55,11,LAUREN,3,RP120,-80,DTE Staff,2025-02-25T04:28:09.3189343Z,esp/topic,1520,838
,70:A7:41:DC:8E:55,11,LAUREN,4,RP120,-77,DTE Staff,2025-02-25T04:28:31.02296Z,esp/topic,1520,838
,70:A7:41:DC:8E:55,11,LAUREN,5,RP120,-78,DTE Staff,2025-02-25T04:28:59.3987347Z,esp/topic,1520,838
,70:A7:41:DC:8E:55,11,LAUREN,6,RP120,-79,DTE Staff,2025-02-25T04:29:22.4353575Z,esp/topic,1520,838
,70:A7:41:DC:8E:55,11,LAUREN,8,RP120,-79,DTE Staff,2025-02-25T04:30:08.9510946Z,esp/topic,1520,838
,70:A7:41:DC:8E:55,11,LAUREN,9,RP120,-78,DTE Staff,2025-02-25T04:30:34.7338794Z,esp/topic,1520,838
,72:A7:41:9C:8E:55,11,LAUREN,1,RP31,-80,DTE IoT,2025-02-25T03:32:49.3591474Z,esp/topic,1219,1037
,72:A7:41:9C:8E:55,11,LAUREN,1,RP31,-80,DTE IoT,2025-02-25T03:34:12.2507437Z,esp/topic,1219,1037
,70:A7:41:DC:8E:55,11,LAUREN,1,RP31,-81,DTE Staff,2025-02-25T03:32:52.3724589Z,esp/topic,1219,1037
,70:A7:41:DC:8E:55,11,LAUREN,1,RP31,-80,DTE Staff,2025-02-25T03:34:15.0623423Z,esp/topic,1219,1037
